First Name,Last Name,Birth Date,Gender,Department,Job Title,Hire Date
Michael,Matthews,2004-12-22,Male,Human Resources,HR Manager,2021-03-17
Tiffany,Smith,1989-04-23,Female,Human Resources,Recruiter,2022-11-20
Blake,Warner,1994-02-11,Male,Operations,Logistics Coordinator,2020-07-06
Alexandra,Dixon,1986-08-09,Female,Engineering,Database Administrator,2021-05-02
Jeffrey,Barrett,1996-01-15,Male,Marketing,Content Writer,2020-10-07
Lisa,Harmon,1973-11-01,Female,Engineering,Systems Analyst,2019-03-05
Kristin,Hickman,2003-06-17,Female,Engineering,Software Engineer,2023-05-23
Stuart,Lewis,1971-02-15,Male,Human Resources,Recruiter,2019-05-10
Daniel,French,1962-08-13,Male,Human Resources,HR Specialist,2020-01-25
Molly,Miller,1978-04-25,Female,Engineering,Database Administrator,2019-06-04
Lisa,Wagner,1977-01-29,Female,Marketing,Marketing Manager,2020-02-10
Charles,Simpson,1968-01-18,Male,Engineering,Systems Analyst,2021-10-03
Michaela,Ward,1970-08-15,Female,Human Resources,Recruiter,2019-07-17
Zachary,Cochran,1971-10-15,Male,Marketing,Social Media Specialist,2021-12-29
Walter,Williams,1989-06-18,Male,Finance,Financial Analyst,2021-03-30
Christopher,Jones,1983-05-31,Male,Engineering,Software Engineer,2019-07-27
Tammy,Williams,1980-01-22,Female,Human Resources,HR Manager,2022-12-03
Diana,Flores,1998-08-13,Female,Operations,Operations Manager,2021-08-10
Harry,Patrick,1981-12-26,Male,Human Resources,HR Manager,2018-12-30
Marisa,White,1979-03-06,Female,Engineering,Systems Analyst,2019-11-29
Kent,Bartlett,1970-10-08,Male,Operations,Operations Manager,2021-02-17
Cynthia,Barr,1982-03-15,Female,Human Resources,Recruiter,2019-02-25
Samuel,Irwin,1978-06-30,Male,Finance,Accountant,2021-02-22
Cynthia,Carroll,1989-07-19,Female,Engineering,Systems Analyst,2022-06-02
Diane,Ford,1972-03-22,Female,Operations,Logistics Coordinator,2019-01-04
Heather,Butler,1988-03-19,Female,Operations,Quality Assurance Specialist,2021-09-07
Tiffany,Gonzalez,1989-12-19,Female,Engineering,Database Administrator,2020-01-07
Alicia,Bishop,1993-05-11,Female,Finance,Financial Analyst,2023-03-14
Casey,Gonzalez,1958-03-11,Female,Operations,Logistics Coordinator,2020-12-25
Candace,Nolan,2001-11-21,Female,Engineering,Systems Analyst,2022-11-17
Kelly,Casey,1960-09-07,Female,Operations,Logistics Coordinator,2021-07-18
Crystal,Molina,1968-07-04,Female,Engineering,Software Engineer,2023-06-03
Adam,Gonzalez,1966-07-14,Male,Human Resources,HR Specialist,2019-06-19
Robin,Smith,1965-12-22,Female,Human Resources,Recruiter,2020-05-26
Christine,Blair,1972-05-07,Female,Human Resources,HR Manager,2023-01-17
John,Brock,1995-04-01,Male,Operations,Quality Assurance Specialist,2018-11-20
Bryce,Donovan,2003-02-08,Male,Finance,Accountant,2021-01-22
Kyle,Duarte,1999-04-11,Male,Human Resources,Recruiter,2021-06-18
Cindy,Wyatt,1984-06-17,Female,Engineering,Database Administrator,2022-12-20
Deborah,Fischer,1972-01-06,Female,Operations,Logistics Coordinator,2022-11-05
Nicole,Fischer,1995-04-16,Female,Human Resources,HR Specialist,2019-09-29
Eric,Stanley,1982-11-25,Male,Human Resources,Recruiter,2020-01-07
Sue,Wells,1993-02-12,Female,Finance,Accountant,2019-01-31
Richard,Oconnor,1962-01-22,Male,Finance,Financial Analyst,2020-12-31
Nicholas,Hill,1965-03-27,Male,Operations,Operations Manager,2023-10-29
Lisa,Cole,1961-04-07,Female,Operations,Logistics Coordinator,2023-05-18
Sonya,Smith,1986-07-24,Female,Human Resources,HR Manager,2020-07-05
Paul,Wright,1998-11-15,Male,Engineering,Database Administrator,2020-09-19
Melissa,Goodman,1997-11-25,Female,Engineering,Database Administrator,2022-05-19
Angela,Ramos,2002-07-23,Female,Finance,Accountant,2020-08-16
Adam,Gonzalez,1993-02-25,Male,Engineering,Software Engineer,2019-04-03
Troy,White,1988-01-30,Male,Operations,Quality Assurance Specialist,2023-06-17
Tanya,Sanchez,1982-02-04,Female,Engineering,Systems Analyst,2019-04-15
Curtis,Santiago,1982-05-21,Male,Finance,Financial Analyst,2019-01-30
Lori,Barnes,1972-11-30,Female,Marketing,Marketing Manager,2021-03-22
Diana,Jones,1959-09-10,Female,Marketing,Content Writer,2023-03-17
John,Sexton,1980-05-03,Male,Marketing,Social Media Specialist,2019-08-19
Alisha,Lewis,1993-03-05,Female,Human Resources,Recruiter,2021-04-10
Alec,Perkins,1973-01-15,Male,Human Resources,HR Manager,2023-06-03
Rebecca,Scott,1969-03-27,Female,Operations,Quality Assurance Specialist,2019-08-18
Rebecca,Phillips,1989-02-24,Female,Operations,Quality Assurance Specialist,2022-04-16
Nancy,Gibson,1963-01-19,Female,Finance,Financial Analyst,2023-03-25
Timothy,Paul,1966-03-17,Male,Finance,Accountant,2020-02-06
Joseph,Gardner,1997-12-16,Male,Operations,Operations Manager,2021-09-22
Angela,Perry,1986-04-25,Female,Finance,Accountant,2021-06-05
Deanna,Fowler,1985-02-07,Female,Finance,Financial Analyst,2022-03-03
Lori,Miller,1964-07-14,Female,Engineering,Database Administrator,2021-07-28
Michael,Hampton,1962-07-14,Male,Marketing,Social Media Specialist,2021-02-20
David,Johnson,1982-11-17,Male,Marketing,Social Media Specialist,2020-06-19
Charles,Mcdaniel,2001-02-28,Male,Marketing,Marketing Manager,2020-06-26
Jacqueline,Price,2003-12-04,Female,Human Resources,HR Manager,2021-08-21
Elizabeth,Lewis,1970-11-11,Female,Finance,Internal Auditor,2019-06-05
Justin,Mccarthy,2004-03-13,Male,Marketing,Marketing Manager,2020-10-17
Douglas,Davis,1974-06-23,Male,Marketing,Social Media Specialist,2021-07-16
Allison,Rodriguez,1987-07-30,Female,Marketing,Social Media Specialist,2022-06-21
Adam,Jackson,1981-12-13,Male,Marketing,Marketing Manager,2019-03-17
Dennis,Dunn,1968-06-24,Male,Finance,Internal Auditor,2019-03-18
Amber,Flores,2004-09-10,Female,Finance,Accountant,2023-03-25
Lindsey,Pittman,1996-07-09,Female,Operations,Logistics Coordinator,2021-02-21
Robert,Tucker,1971-03-23,Male,Operations,Quality Assurance Specialist,2023-06-17
Roger,Russell,2001-11-08,Male,Marketing,Social Media Specialist,2020-05-15
Samuel,Campbell,1996-05-10,Male,Finance,Financial Analyst,2023-07-05
Paula,Robbins,1989-08-06,Female,Operations,Quality Assurance Specialist,2022-01-17
Zachary,Nichols,1992-11-23,Male,Finance,Internal Auditor,2022-04-18
Tracy,Garcia,1982-04-06,Female,Operations,Operations Manager,2023-05-30
Kevin,Nelson,1966-10-03,Male,Finance,Accountant,2023-03-12
Willie,Shannon,1993-04-28,Male,Finance,Internal Auditor,2018-12-16
Robert,Allen,1981-07-08,Male,Engineering,Software Engineer,2022-02-20
April,Peterson,1975-12-21,Female,Engineering,Database Administrator,2023-07-14
Kerri,Murray,1993-06-12,Female,Marketing,Marketing Manager,2020-06-27
Jose,Garcia,1961-06-01,Male,Human Resources,HR Specialist,2021-11-23
Tiffany,Doyle,1979-06-09,Female,Engineering,Systems Analyst,2023-05-19
Mary,Khan,1959-03-13,Female,Finance,Internal Auditor,2021-01-15
Stephen,Hicks,1975-04-10,Male,Operations,Operations Manager,2019-01-23
Jennifer,Black,1980-05-03,Female,Human Resources,Recruiter,2019-05-31
Eddie,Bates,1959-01-20,Male,Finance,Accountant,2023-06-22
Sarah,Hawkins,1999-10-12,Female,Finance,Financial Analyst,2020-02-29
Sara,Williams,1958-12-21,Female,Finance,Internal Auditor,2019-12-03
Wendy,Hughes,1988-11-23,Female,Operations,Logistics Coordinator,2022-01-05
Jennifer,Jones,1976-11-08,Female,Human Resources,HR Manager,2021-01-05
Rick,Stephens,1977-10-23,Male,Marketing,Marketing Manager,2019-07-06
Robert,Herman,1999-05-21,Male,Marketing,Marketing Manager,2019-03-11
Jennifer,Wolfe,1994-11-19,Female,Human Resources,HR Manager,2022-12-08
Allison,Williams,1988-04-08,Female,Finance,Internal Auditor,2023-07-08
Stephanie,Johnson,1972-10-01,Female,Finance,Internal Auditor,2022-11-16
Olivia,Stanley,1978-01-10,Female,Engineering,Systems Analyst,2019-06-21
Shane,Meadows,1983-04-08,Male,Marketing,Marketing Manager,2020-05-08
Seth,Harvey,1972-09-09,Male,Marketing,Marketing Manager,2021-10-20
Katie,Miller,2005-09-30,Female,Operations,Quality Assurance Specialist,2022-12-30
Barbara,Roberts,1998-08-27,Female,Engineering,Software Engineer,2018-12-16
Larry,Smith,1983-10-28,Male,Finance,Financial Analyst,2020-06-14
Karen,Garcia,2005-01-26,Female,Human Resources,HR Specialist,2023-08-20
Sandra,Chase,1994-02-26,Female,Engineering,Database Administrator,2022-03-31
Patricia,Mcguire,1961-02-19,Female,Human Resources,Recruiter,2021-03-10
Crystal,Smith,1966-09-26,Female,Engineering,Database Administrator,2022-06-04
Leah,Thompson,1968-11-28,Female,Human Resources,HR Specialist,2022-06-09
Cassandra,Cherry,1996-03-07,Female,Marketing,Marketing Manager,2023-02-04
Andrew,Ferguson,1987-09-18,Male,Engineering,Software Engineer,2018-12-13
Savannah,Greene,1980-07-18,Female,Marketing,Marketing Manager,2021-01-25
Keith,Taylor,1975-04-15,Male,Human Resources,HR Specialist,2022-08-10
Phyllis,Levy,1985-03-17,Female,Operations,Operations Manager,2020-06-07
Stephanie,Cooper,1971-07-02,Female,Human Resources,HR Specialist,2022-07-03
Danielle,Carpenter,1985-09-16,Female,Operations,Logistics Coordinator,2023-01-02
Christopher,Sims,1963-11-18,Male,Human Resources,HR Manager,2020-03-11
Yvonne,Johnston,1971-01-30,Female,Finance,Internal Auditor,2019-06-29
Dustin,Shea,2004-06-25,Male,Marketing,Marketing Manager,2023-11-09
Angela,Jordan,1973-12-28,Female,Operations,Operations Manager,2022-09-02
Robert,Ramirez,1984-02-06,Male,Human Resources,HR Specialist,2020-01-06
Jeffrey,Roberts,1997-11-11,Male,Human Resources,HR Manager,2018-11-20
Mary,Anderson,1987-10-15,Female,Finance,Internal Auditor,2023-05-05
John,Gill,1960-04-03,Male,Human Resources,HR Manager,2020-07-05
John,Armstrong,1998-08-31,Male,Finance,Financial Analyst,2022-08-05
Valerie,Perez,1985-06-15,Female,Marketing,Marketing Manager,2023-09-06
William,Nunez,1980-02-26,Male,Engineering,Software Engineer,2023-08-25
Kelly,Fuller,1987-10-31,Female,Marketing,Marketing Manager,2019-10-30
Andrea,Anderson,2002-03-10,Female,Marketing,Marketing Manager,2022-06-19
Brenda,Schmidt,1974-01-22,Female,Finance,Internal Auditor,2020-01-10
Kyle,Wong,1984-02-11,Male,Human Resources,Recruiter,2022-02-09
Kevin,Jones,1988-04-21,Male,Finance,Financial Analyst,2019-08-03
Randy,Monroe,1966-04-11,Male,Finance,Accountant,2019-06-07
David,Cervantes,1994-10-22,Male,Human Resources,HR Specialist,2022-05-14
Anne,Miles,1958-02-08,Female,Engineering,Systems Analyst,2019-05-07
Timothy,Rogers,1985-05-31,Male,Finance,Financial Analyst,2018-12-28
Jimmy,Gordon,1984-12-10,Male,Marketing,Content Writer,2019-07-08
Kenneth,Mitchell,1968-05-19,Male,Engineering,Software Engineer,2020-03-04
Diane,Alexander,1972-05-19,Female,Engineering,Systems Analyst,2019-12-18
Nicholas,Tanner,1979-04-17,Male,Human Resources,HR Manager,2019-09-11
Christine,Myers,1961-05-01,Female,Marketing,Social Media Specialist,2023-06-29
Erin,Perry,1960-07-26,Female,Marketing,Content Writer,2020-09-15
Robert,Jones,2004-12-20,Male,Marketing,Social Media Specialist,2021-10-17
Lynn,Thomas,1968-06-13,Female,Operations,Operations Manager,2022-06-14
Melissa,Marshall,1999-12-30,Female,Human Resources,Recruiter,2021-08-21
Nicole,Johnston,1989-05-26,Female,Operations,Operations Manager,2022-02-18
Sandra,Taylor,1988-10-20,Female,Marketing,Marketing Manager,2020-06-13
Kevin,Snyder,1960-05-01,Male,Finance,Internal Auditor,2022-08-02
Phillip,Smith,1999-05-14,Male,Marketing,Marketing Manager,2022-02-05
Jake,Rangel,1995-05-02,Male,Finance,Internal Auditor,2020-09-20
Stephanie,Simpson,2004-05-22,Female,Marketing,Marketing Manager,2019-09-06
Kevin,Gray,1958-08-04,Male,Engineering,Database Administrator,2022-08-16
Edwin,Massey,1998-12-01,Male,Marketing,Content Writer,2023-06-11
Roy,Stokes,1985-03-14,Male,Human Resources,Recruiter,2021-11-29
Robert,Thomas,1964-06-01,Male,Operations,Quality Assurance Specialist,2019-06-27
Veronica,Schneider,2004-06-13,Female,Engineering,Database Administrator,2019-01-13
Stacy,Chambers,1967-03-10,Female,Marketing,Marketing Manager,2021-08-27
Patrick,Alvarez,1999-12-06,Male,Operations,Quality Assurance Specialist,2023-10-12
Bradley,Lyons,1963-11-12,Male,Engineering,Systems Analyst,2022-03-14
Justin,Mcpherson,1967-07-09,Male,Engineering,Software Engineer,2023-10-18
Ronald,Stewart,2005-07-30,Male,Engineering,Systems Analyst,2023-01-28
Jennifer,Lowery,1976-05-19,Female,Finance,Accountant,2019-02-23
Rhonda,Brown,2001-12-08,Female,Engineering,Systems Analyst,2022-08-11
Becky,Tyler,1999-11-20,Female,Operations,Operations Manager,2019-05-25
Samuel,Russo,1963-01-04,Male,Engineering,Database Administrator,2021-10-08
Kelsey,Davis,1957-12-15,Female,Finance,Internal Auditor,2019-03-02
Matthew,Cooley,1976-12-21,Male,Marketing,Content Writer,2023-08-07
Kenneth,Ortiz,1997-06-05,Male,Operations,Logistics Coordinator,2021-03-18
Michele,Wilson,1982-10-25,Female,Human Resources,HR Manager,2021-05-04
Lauren,Glenn,1981-02-13,Female,Engineering,Database Administrator,2021-06-13
Kaitlyn,Sanchez,1999-01-05,Female,Finance,Financial Analyst,2020-11-29
Andre,Bradley,1984-11-26,Male,Finance,Financial Analyst,2020-03-17
Melissa,Douglas,1974-09-26,Female,Human Resources,HR Specialist,2019-02-05
Samantha,Benitez,2001-02-14,Female,Finance,Internal Auditor,2022-05-21
Erica,Jenkins,1983-12-18,Female,Marketing,Social Media Specialist,2019-10-29
Dakota,Cardenas,1989-09-18,Male,Operations,Operations Manager,2023-04-28
Ashley,Simmons,1961-08-08,Female,Operations,Logistics Coordinator,2021-05-12
Scott,Bennett,1987-05-27,Male,Operations,Logistics Coordinator,2022-01-18
Jordan,Martin,1989-10-06,Male,Marketing,Content Writer,2022-04-11
Shannon,Harris,1985-08-08,Female,Engineering,Systems Analyst,2022-04-29
Danielle,Harrison,1960-05-13,Female,Human Resources,Recruiter,2021-08-07
Andrew,Norris,1979-12-28,Male,Engineering,Software Engineer,2022-12-17
Lauren,Palmer,2003-10-03,Female,Operations,Operations Manager,2020-04-18
Yvonne,Potter,1996-10-20,Female,Human Resources,Recruiter,2023-05-05
Joseph,Moore,2001-01-06,Male,Operations,Operations Manager,2021-11-05
William,Ross,2004-05-06,Male,Human Resources,HR Manager,2021-04-26
Jane,Velazquez,1994-06-20,Female,Finance,Accountant,2019-10-15
William,Lewis,1957-12-08,Male,Marketing,Content Writer,2019-06-25
Beth,Patterson,1991-09-10,Female,Human Resources,Recruiter,2020-03-02
John,Miller,1980-08-19,Male,Marketing,Marketing Manager,2020-01-24
Paul,Davis,1985-06-29,Male,Human Resources,HR Specialist,2023-10-26
Robin,Hodge,1979-08-20,Female,Marketing,Content Writer,2020-04-15
Rebecca,Ashley,1982-08-22,Female,Finance,Accountant,2023-02-23
Lori,Townsend,1985-08-17,Female,Human Resources,HR Manager,2021-10-22
Kathy,Nelson,1991-12-22,Female,Human Resources,HR Specialist,2023-03-30
Teresa,Barnes,1995-02-22,Female,Finance,Accountant,2020-05-05
Sally,Sanders,1983-05-19,Female,Finance,Accountant,2022-06-26
James,Weaver,1995-08-01,Male,Marketing,Social Media Specialist,2023-11-09
Theresa,Arias,1959-07-01,Female,Marketing,Marketing Manager,2023-04-15
Aaron,Williams,1983-09-25,Male,Finance,Accountant,2021-06-19
Seth,Lara,1985-08-19,Male,Operations,Logistics Coordinator,2021-05-21
Trevor,Choi,1989-06-15,Male,Finance,Accountant,2023-06-23
Tony,Jackson,1959-05-17,Male,Operations,Operations Manager,2023-08-07
Daniel,Espinoza,2000-09-02,Male,Marketing,Content Writer,2023-01-19
Carol,Cooper,1970-02-10,Female,Operations,Logistics Coordinator,2020-05-12
Lisa,Benton,1965-04-17,Female,Finance,Internal Auditor,2020-07-08
Stephanie,Evans,1998-08-24,Female,Engineering,Systems Analyst,2022-10-25
Katherine,Johnson,1958-08-11,Female,Engineering,Database Administrator,2019-10-03
Renee,Small,1991-06-07,Female,Operations,Quality Assurance Specialist,2019-06-12
Heather,Hart,1963-09-19,Female,Marketing,Content Writer,2021-10-15
Anthony,Butler,1995-02-22,Male,Finance,Accountant,2020-02-21
James,Stark,2004-07-03,Male,Marketing,Content Writer,2020-03-02
Amber,Henderson,1996-06-02,Female,Marketing,Marketing Manager,2023-09-30
Scott,Campbell,1964-04-10,Male,Marketing,Content Writer,2020-09-16
John,Hamilton,1980-09-24,Male,Engineering,Database Administrator,2022-09-04
Laura,Matthews,2001-06-25,Female,Human Resources,HR Specialist,2022-05-26
Jason,Howe,1985-08-13,Male,Engineering,Database Administrator,2023-04-11
Jerry,Flynn,1990-07-25,Male,Marketing,Marketing Manager,2023-05-28
Nathan,Blanchard,1983-01-01,Male,Marketing,Marketing Manager,2019-12-03
James,Johnson,1963-03-30,Male,Operations,Quality Assurance Specialist,2021-05-03
Shawn,Mitchell,1987-07-25,Male,Finance,Internal Auditor,2020-05-19
Matthew,Becker,1969-08-01,Male,Operations,Quality Assurance Specialist,2022-04-09
Claudia,Gonzalez,1997-01-10,Female,Marketing,Marketing Manager,2020-02-28
Mary,Daniels,1990-09-30,Female,Marketing,Content Writer,2019-10-09
Catherine,Bell,1971-12-23,Female,Finance,Accountant,2020-05-15
Jennifer,Burton,1968-11-06,Female,Marketing,Content Writer,2023-06-21
Sandra,Parker,1999-02-27,Female,Marketing,Content Writer,2019-03-08
Tracy,Padilla,1968-01-07,Female,Finance,Financial Analyst,2019-06-07
Sara,Sanchez,1997-06-26,Female,Human Resources,HR Specialist,2023-03-07
Raven,Burns,1982-10-31,Female,Human Resources,Recruiter,2023-03-09
Steve,Rodriguez,1987-06-05,Male,Marketing,Social Media Specialist,2019-01-14
Kelly,Scott,1961-11-25,Female,Engineering,Systems Analyst,2020-05-03
Sean,Blankenship,1983-08-28,Male,Marketing,Content Writer,2020-04-28
Madeline,Pierce,1993-10-15,Female,Engineering,Systems Analyst,2019-06-19
Amanda,Thomas,1969-05-03,Female,Human Resources,HR Specialist,2020-01-27
Kara,Drake,1985-02-17,Female,Human Resources,HR Specialist,2019-11-04
Derek,Gardner,1975-03-27,Male,Operations,Quality Assurance Specialist,2021-12-20
Scott,Park,1968-10-15,Male,Marketing,Content Writer,2019-04-13
Janet,Grant,1973-10-08,Female,Finance,Financial Analyst,2019-07-24
Edward,Taylor,1975-08-23,Male,Engineering,Systems Analyst,2022-11-02
Casey,Sandoval,1971-04-15,Female,Finance,Accountant,2021-08-26
Meagan,Velasquez,1970-06-07,Female,Finance,Accountant,2023-01-28
Dylan,Walker,1994-08-26,Male,Operations,Operations Manager,2022-04-11
Sierra,Thomas,1968-10-01,Female,Marketing,Marketing Manager,2023-04-07
Wanda,Johnson,1994-11-26,Female,Marketing,Content Writer,2020-02-18
Albert,Sullivan,1961-01-12,Male,Human Resources,Recruiter,2022-09-29
Lynn,Collins,1975-10-05,Female,Operations,Logistics Coordinator,2019-05-19
Jeffrey,Robinson,1987-06-05,Male,Operations,Operations Manager,2023-04-19
Eileen,Martinez,1976-02-13,Female,Marketing,Social Media Specialist,2019-11-22
Eric,Smith,1986-11-17,Male,Marketing,Marketing Manager,2022-10-27
Jose,White,1992-11-28,Male,Finance,Financial Analyst,2022-01-07
Jeremiah,Lawson,1992-12-18,Male,Marketing,Marketing Manager,2023-09-24
Amy,Howard,1992-11-24,Female,Engineering,Systems Analyst,2019-03-28
Amy,Wheeler,1964-06-04,Female,Engineering,Systems Analyst,2019-09-02
Stephanie,Crawford,1979-06-17,Female,Engineering,Software Engineer,2020-11-18
Matthew,Allen,1973-06-28,Male,Engineering,Systems Analyst,2019-07-13
Rachel,Bell,1997-04-20,Female,Finance,Accountant,2022-11-13
Kevin,Kelley,1995-04-19,Male,Human Resources,Recruiter,2018-12-31
Trevor,Willis,1998-02-13,Male,Engineering,Systems Analyst,2021-01-22
Shaun,Graham,1961-11-05,Male,Marketing,Marketing Manager,2022-09-03
Amber,Adams,1964-03-01,Female,Operations,Logistics Coordinator,2019-06-10
William,Smith,1998-06-30,Male,Engineering,Systems Analyst,2021-08-02
Monique,Ryan,1963-11-14,Female,Finance,Accountant,2021-11-03
Megan,Graham,1978-06-20,Female,Marketing,Content Writer,2021-10-02
Linda,Black,1978-04-15,Female,Marketing,Marketing Manager,2019-02-02
Timothy,Parker,1988-09-06,Male,Operations,Operations Manager,2023-10-30
Robert,Mueller,1987-11-11,Male,Human Resources,HR Manager,2021-10-17
Christopher,Lutz,2001-11-16,Male,Operations,Logistics Coordinator,2019-01-12
Sarah,Wood,1993-10-18,Female,Engineering,Database Administrator,2020-12-02
Lisa,Morton,2004-10-04,Female,Engineering,Systems Analyst,2019-11-06
Reginald,Olsen,1972-09-06,Male,Finance,Financial Analyst,2020-06-07
Matthew,Sullivan,1975-01-06,Male,Operations,Quality Assurance Specialist,2020-11-16
Jennifer,Rodgers,1974-08-18,Female,Human Resources,HR Manager,2022-08-30
Melissa,Macdonald,1965-09-23,Female,Engineering,Systems Analyst,2022-02-27
Tara,Roberts,1980-11-11,Female,Marketing,Content Writer,2022-05-03
Chris,Hubbard,1966-08-08,Male,Marketing,Content Writer,2019-12-11
Derrick,Moore,1975-08-20,Male,Finance,Financial Analyst,2023-08-15
Tiffany,Mata,1993-06-14,Female,Finance,Internal Auditor,2019-02-22
Travis,Martin,2002-03-19,Male,Human Resources,Recruiter,2019-05-09
Aaron,Lee,1999-07-09,Male,Engineering,Database Administrator,2019-09-16
Daniel,Alvarado,1975-10-27,Male,Finance,Financial Analyst,2022-11-20
Karla,Cummings,1981-07-17,Female,Operations,Logistics Coordinator,2019-05-04
Karen,Holt,1979-10-16,Female,Human Resources,HR Specialist,2019-08-03
Lori,Howard,1970-10-04,Female,Human Resources,HR Specialist,2022-09-16
Brenda,Ross,2003-10-03,Female,Engineering,Database Administrator,2022-05-21
Molly,Savage,1987-05-17,Female,Operations,Logistics Coordinator,2019-05-06
Lisa,Brady,1991-01-21,Female,Finance,Financial Analyst,2022-04-26
Jessica,Love,1972-06-14,Female,Operations,Operations Manager,2020-07-24
Harry,Rich,1976-04-08,Male,Engineering,Database Administrator,2021-11-29
Michael,Smith,1990-03-03,Male,Marketing,Content Writer,2020-02-16
David,Murphy,1995-07-01,Male,Operations,Operations Manager,2022-11-04
Leah,Ferguson,1999-07-13,Female,Marketing,Content Writer,2022-10-02
Kristin,White,1991-06-17,Female,Marketing,Social Media Specialist,2020-05-27
David,Larsen,1964-07-17,Male,Human Resources,Recruiter,2021-09-08
Rachel,Cook,1998-06-12,Female,Engineering,Software Engineer,2020-11-18
Christine,Rhodes,1964-03-04,Female,Engineering,Database Administrator,2021-09-29
Leah,Meyers,2000-11-07,Female,Engineering,Database Administrator,2020-03-15
Mary,Martinez,1995-10-10,Female,Operations,Logistics Coordinator,2019-05-04
James,James,1976-06-03,Male,Finance,Internal Auditor,2023-06-02
Madeline,Pitts,1990-05-03,Female,Operations,Quality Assurance Specialist,2023-08-16
Kelly,Simon,1978-04-14,Female,Marketing,Marketing Manager,2019-12-08
Rose,Hardy,1967-04-01,Female,Operations,Logistics Coordinator,2022-11-14
Sabrina,Garcia,1985-02-08,Female,Marketing,Social Media Specialist,2022-12-15
Mark,Cain,1960-09-01,Male,Human Resources,HR Manager,2021-09-07
John,Cole,1963-01-17,Male,Engineering,Database Administrator,2022-10-26
Deborah,Townsend,2003-07-26,Female,Operations,Quality Assurance Specialist,2020-11-30
Jesse,Hoffman,1985-07-11,Male,Operations,Quality Assurance Specialist,2019-02-28
Jessica,Morgan,1972-05-30,Female,Engineering,Software Engineer,2019-01-01
Jeffrey,Harris,1986-04-16,Male,Engineering,Systems Analyst,2021-03-02
Katherine,Ford,1970-12-17,Female,Human Resources,HR Specialist,2023-04-04
Justin,Galvan,1974-03-04,Male,Engineering,Database Administrator,2019-07-08
Steven,Cooper,1962-02-13,Male,Operations,Logistics Coordinator,2020-05-24
Gene,Frey,2002-03-06,Male,Marketing,Content Writer,2019-04-22
Valerie,Stewart,2002-09-28,Female,Operations,Operations Manager,2020-10-24
Jeffrey,Crane,1967-01-03,Male,Finance,Internal Auditor,2021-01-28
Nathan,Fisher,1980-07-25,Male,Engineering,Software Engineer,2019-03-07
Lee,Cabrera,1996-04-13,Male,Engineering,Systems Analyst,2021-04-30
Catherine,Edwards,1960-03-22,Female,Operations,Quality Assurance Specialist,2023-11-10
Jake,Robinson,1975-10-25,Male,Human Resources,HR Manager,2019-05-07
Kyle,Rodriguez,1981-10-16,Male,Operations,Operations Manager,2020-08-02
Miguel,Cook,1998-06-25,Male,Human Resources,HR Specialist,2019-10-04
Rebekah,Hansen,1959-07-13,Female,Marketing,Content Writer,2023-03-11
Cynthia,Brown,2004-08-21,Female,Finance,Financial Analyst,2018-12-15
Amy,Griffin,1967-07-08,Female,Finance,Financial Analyst,2019-07-09
John,Lawrence,1972-02-28,Male,Marketing,Social Media Specialist,2019-01-26
Craig,Robinson,1968-10-30,Male,Finance,Internal Auditor,2022-07-16
Lucas,White,1971-11-15,Male,Operations,Logistics Coordinator,2022-01-25
Eric,Carroll,2003-10-20,Male,Engineering,Software Engineer,2021-11-03
Sara,Gomez,1965-04-16,Female,Human Resources,Recruiter,2019-01-20
Johnny,Coleman,1993-06-20,Male,Marketing,Content Writer,2021-11-01
Jacob,Morgan,1972-01-10,Male,Finance,Financial Analyst,2022-06-06
Matthew,Vaughn,1978-07-10,Male,Finance,Financial Analyst,2018-11-28
Sean,White,1963-03-31,Male,Human Resources,HR Specialist,2021-04-08
Willie,Taylor,1959-03-02,Male,Operations,Quality Assurance Specialist,2022-09-10
Jay,Hernandez,2003-09-07,Male,Marketing,Social Media Specialist,2022-02-20
Maurice,Porter,1985-06-13,Male,Human Resources,HR Specialist,2022-06-25
Brandon,Green,2004-11-02,Male,Human Resources,HR Specialist,2019-08-03
Kelly,Wright,1996-06-16,Male,Finance,Financial Analyst,2021-05-03
Wendy,Shelton,1995-05-21,Female,Marketing,Social Media Specialist,2020-04-17
Tracy,Welch,1972-02-08,Female,Finance,Internal Auditor,2020-11-15
Jessica,Walker,1973-08-14,Female,Operations,Operations Manager,2018-12-11
Michael,Baker,1976-11-29,Male,Engineering,Systems Analyst,2020-08-02
Margaret,Perry,1976-01-05,Female,Human Resources,HR Manager,2020-06-02
Catherine,House,1990-12-11,Female,Operations,Operations Manager,2021-04-15
Logan,Wilson,1970-01-22,Male,Finance,Financial Analyst,2020-07-17
Janice,Riddle,1995-01-07,Female,Finance,Accountant,2023-02-15
Daniel,Edwards,1985-05-11,Male,Engineering,Database Administrator,2021-06-19
Tyler,Ross,1986-02-04,Male,Operations,Logistics Coordinator,2022-01-25
Michelle,Norton,1978-02-12,Female,Operations,Quality Assurance Specialist,2021-10-13
Anthony,Schroeder,1979-08-16,Male,Human Resources,HR Manager,2019-07-24
William,Diaz,2001-01-22,Male,Marketing,Marketing Manager,2019-04-25
David,Schwartz,1979-04-15,Male,Marketing,Content Writer,2020-04-11
Taylor,Hunt,1961-05-11,Female,Human Resources,HR Manager,2020-10-09
Veronica,Rios,1998-03-22,Female,Finance,Internal Auditor,2021-08-25
Evelyn,Turner,1991-07-11,Female,Human Resources,HR Manager,2018-11-16
Christopher,Li,1969-03-10,Male,Human Resources,HR Manager,2020-08-04
Derek,Garcia,1994-03-02,Male,Operations,Logistics Coordinator,2023-04-09
Paul,Pope,1963-11-18,Male,Operations,Operations Manager,2019-07-01
Connor,Smith,1998-10-02,Male,Marketing,Content Writer,2022-06-18
William,Thornton,1962-01-01,Male,Human Resources,HR Specialist,2021-02-15
Brenda,Ramirez,1982-11-17,Female,Finance,Internal Auditor,2019-08-01
Brandon,Yates,1971-03-09,Male,Human Resources,HR Manager,2021-03-25
Richard,Lopez,1984-08-12,Male,Engineering,Database Administrator,2023-04-19
John,Hines,1976-03-12,Male,Human Resources,HR Manager,2022-12-17
Sarah,Garcia,1992-03-17,Female,Marketing,Social Media Specialist,2022-11-24
Mark,Scott,1981-06-03,Male,Finance,Internal Auditor,2019-01-26
Mark,Mosley,1957-11-12,Male,Engineering,Systems Analyst,2021-01-13
Thomas,Solis,1968-05-27,Male,Engineering,Systems Analyst,2020-03-09
Danielle,Eaton,1980-08-11,Female,Marketing,Content Writer,2019-02-09
Paul,Mcgee,2004-04-26,Male,Operations,Logistics Coordinator,2023-10-19
Heather,Jones,1977-12-28,Female,Marketing,Social Media Specialist,2022-08-26
Jonathan,Pena,1966-10-25,Male,Operations,Operations Manager,2018-12-31
Sheri,Blevins,1984-04-26,Female,Engineering,Systems Analyst,2019-12-12
Craig,Smith,1995-09-19,Male,Finance,Internal Auditor,2022-09-13
Theresa,Mitchell,1980-02-16,Female,Operations,Logistics Coordinator,2021-10-25
Jack,Gonzalez,1997-12-25,Male,Finance,Internal Auditor,2019-01-11
Sharon,Cherry,1988-09-12,Female,Engineering,Database Administrator,2021-09-01
Aaron,Hill,1976-12-01,Male,Marketing,Social Media Specialist,2020-06-16
Cindy,Walter,1977-03-26,Female,Engineering,Systems Analyst,2019-11-23
Christina,Wilson,1978-08-09,Female,Human Resources,HR Manager,2021-06-18
Kristopher,Morales,1965-03-03,Male,Engineering,Database Administrator,2019-10-18
Austin,Flores,1960-04-19,Male,Marketing,Content Writer,2019-09-28
David,Kane,1976-04-22,Male,Operations,Logistics Coordinator,2019-06-27
Steven,Shah,1980-05-26,Male,Engineering,Database Administrator,2020-11-09
Shane,Harper,1978-01-30,Male,Marketing,Content Writer,2019-06-03
Dustin,Hernandez,1997-06-18,Male,Engineering,Systems Analyst,2023-06-02
John,Jimenez,1995-08-20,Male,Operations,Logistics Coordinator,2019-09-19
Rita,Davis,2000-10-03,Female,Human Resources,Recruiter,2023-08-13
Jessica,Bright,1968-05-15,Female,Operations,Operations Manager,2021-11-10
Patricia,Clark,1976-08-28,Female,Marketing,Social Media Specialist,2021-09-14
David,Moore,1995-01-30,Male,Finance,Internal Auditor,2018-12-01
Stephen,Underwood,1979-10-09,Male,Human Resources,HR Specialist,2019-02-26
Alex,Davis,1966-10-18,Male,Operations,Quality Assurance Specialist,2019-09-04
Mary,Brady,2002-05-14,Female,Engineering,Systems Analyst,2020-03-20
Lisa,Lopez,1970-07-14,Female,Marketing,Content Writer,2020-06-26
Larry,Rocha,1982-04-01,Male,Operations,Logistics Coordinator,2019-01-16
Amanda,Goodwin,1970-07-01,Female,Human Resources,Recruiter,2019-10-25
Vanessa,Marsh,1979-09-01,Female,Operations,Quality Assurance Specialist,2020-07-11
Monica,Lee,1984-08-03,Female,Human Resources,HR Specialist,2023-01-02
Mary,Robinson,1965-11-07,Female,Operations,Operations Manager,2023-03-26
Susan,Miller,1999-01-08,Female,Engineering,Database Administrator,2020-04-04
Andre,Dalton,1993-05-18,Male,Human Resources,Recruiter,2020-10-27
Nathan,Smith,1963-11-26,Male,Finance,Accountant,2020-12-22
Erica,Moore,1967-10-01,Female,Finance,Accountant,2023-03-21
Samuel,Martin,2000-07-18,Male,Operations,Quality Assurance Specialist,2020-10-27
Benjamin,Brandt,1999-04-18,Male,Human Resources,HR Specialist,2020-02-03
Joseph,Dean,1978-03-15,Male,Operations,Quality Assurance Specialist,2023-04-14
Jennifer,Castro,1983-11-08,Female,Marketing,Marketing Manager,2021-12-25
Daniel,West,1986-10-22,Male,Engineering,Systems Analyst,2022-05-17
Danny,Alexander,1974-05-23,Male,Marketing,Content Writer,2020-05-14
Judy,Rodriguez,2004-04-22,Female,Engineering,Software Engineer,2021-08-26
Nathan,Mcmahon,1985-10-06,Male,Human Resources,Recruiter,2022-07-02
Bryan,Lin,1961-06-24,Male,Engineering,Database Administrator,2021-07-27
Michelle,Hamilton,1958-03-05,Female,Marketing,Marketing Manager,2023-01-06
John,Wagner,1981-06-26,Male,Marketing,Social Media Specialist,2021-05-09
John,Nelson,1958-10-21,Male,Marketing,Social Media Specialist,2022-03-21
Amber,Carter,1977-10-30,Female,Finance,Accountant,2023-03-07
Lauren,Black,1962-05-15,Female,Operations,Logistics Coordinator,2022-10-16
Lori,Juarez,1986-07-03,Female,Finance,Financial Analyst,2020-07-21
Morgan,Hodges,1998-06-02,Female,Human Resources,Recruiter,2021-12-29
Shannon,Griffin,1976-03-10,Male,Finance,Internal Auditor,2019-06-11
Christopher,Garcia,1989-04-07,Male,Engineering,Software Engineer,2020-03-08
Corey,Dorsey,1975-07-14,Male,Finance,Accountant,2019-12-24
Brittney,Gardner,1965-06-11,Female,Operations,Logistics Coordinator,2021-02-23
David,Peck,1997-12-08,Male,Finance,Financial Analyst,2023-08-11
Janet,Aguilar,1996-01-13,Female,Engineering,Database Administrator,2019-06-06
April,Johnson,1976-08-01,Female,Human Resources,HR Specialist,2019-01-22
Matthew,Boyd,1983-11-14,Male,Human Resources,HR Manager,2022-02-27
Lisa,Smith,1958-04-28,Female,Human Resources,Recruiter,2022-10-29
Thomas,Hall,1996-08-25,Male,Engineering,Software Engineer,2019-02-15
Cassandra,Jackson,1961-05-03,Female,Finance,Accountant,2019-12-01
Thomas,Baker,2000-04-13,Male,Engineering,Software Engineer,2023-06-04
Allen,Collins,1995-10-04,Male,Engineering,Database Administrator,2019-01-02
Kenneth,Davenport,1995-03-20,Male,Operations,Operations Manager,2021-12-22
Randall,Brewer,2000-03-24,Male,Operations,Quality Assurance Specialist,2023-05-06
Elizabeth,Roberts,1990-06-11,Female,Finance,Internal Auditor,2019-06-16
Annette,Spencer,1993-06-20,Female,Marketing,Marketing Manager,2019-05-18
Emily,Brock,1993-05-01,Female,Human Resources,HR Manager,2022-01-26
Elizabeth,Rice,1959-04-08,Female,Engineering,Systems Analyst,2023-11-01
Valerie,Pena,2002-10-24,Female,Marketing,Social Media Specialist,2019-04-25
Destiny,Willis,1982-12-16,Female,Operations,Operations Manager,2023-03-02
Melissa,Estrada,1959-07-07,Female,Operations,Quality Assurance Specialist,2022-10-07
Jill,Delacruz,1974-07-07,Female,Operations,Quality Assurance Specialist,2021-03-06
Angela,Burgess,1977-07-14,Female,Engineering,Database Administrator,2023-05-07
Jeremy,Moyer,1992-07-07,Male,Human Resources,Recruiter,2022-07-18
Bill,Walton,1987-11-20,Male,Marketing,Content Writer,2020-01-11
Gabrielle,Ramirez,1980-05-13,Female,Operations,Operations Manager,2022-07-01
Stephen,Scott,1985-02-12,Male,Finance,Internal Auditor,2022-07-28
Carol,Ortega,1965-05-26,Female,Finance,Internal Auditor,2019-06-07
Kimberly,Gonzalez,1996-07-21,Female,Finance,Accountant,2019-03-26
Tonya,Smith,1991-11-02,Female,Operations,Operations Manager,2022-06-28
Lisa,Morton,1990-07-29,Female,Human Resources,HR Manager,2019-08-27
Ana,Leblanc,1971-07-16,Female,Engineering,Software Engineer,2023-02-15
William,Crawford,1957-12-18,Male,Finance,Internal Auditor,2022-07-01
Vincent,Hanna,1982-07-14,Male,Engineering,Systems Analyst,2023-10-08
Elizabeth,Lee,1973-07-14,Female,Finance,Financial Analyst,2019-01-15
Ryan,White,1959-02-11,Male,Human Resources,HR Manager,2019-04-26
Tanner,Lambert,2005-08-13,Male,Operations,Quality Assurance Specialist,2018-12-02
Chelsey,Williams,1972-12-31,Female,Marketing,Social Media Specialist,2023-06-22
Jared,Horton,1980-03-11,Male,Finance,Accountant,2023-10-30
Adam,Bailey,1961-09-09,Male,Marketing,Social Media Specialist,2022-06-06
Tricia,Castillo,1979-11-27,Female,Finance,Accountant,2019-12-08
Michael,Cook,1994-06-27,Male,Engineering,Systems Analyst,2023-04-08
Christopher,Gonzalez,1996-12-23,Male,Engineering,Database Administrator,2023-01-31
Linda,Vazquez,1968-03-06,Female,Operations,Logistics Coordinator,2019-08-13
Kevin,Baker,1961-10-30,Male,Operations,Operations Manager,2022-04-14
Samuel,Phillips,1979-03-19,Male,Engineering,Database Administrator,2019-11-10
Amy,Molina,1994-08-21,Female,Engineering,Systems Analyst,2021-02-05
Pamela,Thomas,1980-02-09,Female,Finance,Accountant,2023-03-15
Christina,Mann,1983-03-26,Female,Operations,Operations Manager,2021-07-16
James,Barrera,1981-08-24,Male,Human Resources,HR Specialist,2020-10-26
Kevin,Robinson,1972-06-24,Male,Engineering,Software Engineer,2021-02-28
Michael,Anderson,1993-10-23,Male,Engineering,Software Engineer,2022-02-25
Wendy,Allen,1993-11-07,Female,Engineering,Systems Analyst,2020-10-22
Jade,Stone,1964-07-07,Female,Operations,Quality Assurance Specialist,2023-04-01
Joshua,Martinez,1992-07-18,Male,Engineering,Systems Analyst,2019-06-14
Cynthia,Hunt,1987-01-25,Female,Operations,Quality Assurance Specialist,2021-04-08
Sherry,Jones,1970-11-01,Female,Human Resources,HR Specialist,2019-03-02
Randy,Mcmillan,1996-11-29,Male,Engineering,Database Administrator,2021-05-29
Jeffrey,Lopez,1960-11-16,Male,Marketing,Social Media Specialist,2022-06-29
Stephanie,Evans,1965-06-27,Female,Marketing,Marketing Manager,2019-01-30
Angela,Huerta,1999-10-14,Female,Human Resources,Recruiter,2023-07-24
Paul,May,2005-09-16,Male,Marketing,Marketing Manager,2019-09-03
Kristina,Roberts,1972-08-26,Female,Operations,Quality Assurance Specialist,2023-02-25
Brittany,Wells,1971-05-22,Female,Engineering,Software Engineer,2020-07-04
Ashley,Oconnor,1991-03-02,Female,Operations,Operations Manager,2020-04-11
Lance,Henderson,1996-01-27,Male,Marketing,Marketing Manager,2023-10-11
Shannon,Tran,2005-02-07,Female,Marketing,Social Media Specialist,2022-11-21
Jody,Ellis,1973-05-16,Female,Finance,Accountant,2022-01-06
Alicia,Lewis,1975-12-01,Female,Finance,Internal Auditor,2020-08-25
Steven,Martinez,1972-09-17,Male,Engineering,Database Administrator,2019-04-13
Nathan,Jones,1964-02-08,Male,Human Resources,HR Manager,2023-01-15
Taylor,Boyer,1976-10-30,Female,Engineering,Software Engineer,2022-10-31
Paul,Todd,1998-07-27,Male,Operations,Logistics Coordinator,2019-10-23
Jennifer,Robinson,2005-01-30,Female,Finance,Accountant,2020-08-25
Emily,Weber,1959-09-01,Female,Operations,Operations Manager,2023-04-08
Steve,Peck,1992-01-21,Male,Human Resources,HR Specialist,2020-01-30
Tiffany,Ford,1991-08-31,Female,Engineering,Software Engineer,2020-07-16
Amanda,Jarvis,1958-10-30,Female,Marketing,Social Media Specialist,2019-04-05
Brandon,Pittman,1966-01-23,Male,Finance,Financial Analyst,2021-07-21
Thomas,Gilbert,1961-01-27,Male,Marketing,Social Media Specialist,2022-08-21
Danielle,Perry,1992-06-06,Female,Operations,Quality Assurance Specialist,2019-04-12
Jacob,Ferrell,1959-04-21,Male,Finance,Financial Analyst,2021-12-06
David,Johnson,1960-09-22,Male,Marketing,Content Writer,2021-03-04
Dustin,Goodman,1974-01-01,Male,Human Resources,HR Manager,2022-01-21
Lori,Medina,1960-03-15,Female,Engineering,Database Administrator,2022-01-16
William,Perez,1997-06-30,Male,Human Resources,Recruiter,2020-12-30
Wayne,Perkins,1974-01-28,Male,Finance,Internal Auditor,2019-09-12
Matthew,Clarke,1964-11-17,Male,Human Resources,Recruiter,2022-02-16
Jim,Cook,1998-06-01,Male,Engineering,Systems Analyst,2021-01-15
Amy,Porter,1963-10-14,Female,Operations,Quality Assurance Specialist,2022-12-14
Leon,White,1976-08-07,Male,Engineering,Software Engineer,2020-07-16
Sonya,Zamora,2002-01-31,Female,Operations,Logistics Coordinator,2018-12-25
Jacob,Hayes,1992-12-28,Male,Human Resources,HR Specialist,2022-08-22
Hannah,Clark,1983-06-24,Female,Finance,Internal Auditor,2022-03-21
Joshua,Wright,1976-08-30,Male,Engineering,Database Administrator,2022-05-24
Karen,Santos,1985-09-13,Female,Finance,Accountant,2020-10-30
Michael,Martinez,1990-01-25,Male,Engineering,Systems Analyst,2022-12-08
Jamie,Davis,1965-07-11,Female,Operations,Logistics Coordinator,2022-05-10
Samantha,Cole,2003-04-07,Female,Human Resources,HR Specialist,2019-10-07
Joseph,Hodges,1962-08-09,Male,Marketing,Content Writer,2022-05-20
Xavier,Smith,1971-11-21,Male,Finance,Internal Auditor,2023-05-23
Laura,Wood,1987-12-21,Female,Human Resources,HR Manager,2021-11-14
Jeremy,Lee,1966-05-25,Male,Engineering,Database Administrator,2022-04-03
Rose,Stone,1961-03-04,Female,Human Resources,Recruiter,2020-02-10
Jo,Cox,1980-04-12,Female,Human Resources,HR Specialist,2020-11-25
Joshua,Long,1996-06-06,Male,Finance,Financial Analyst,2019-04-27
Paige,Bowers,1959-11-21,Female,Marketing,Content Writer,2022-11-06
Johnny,Simmons,1997-05-23,Male,Finance,Internal Auditor,2022-10-30
Isaac,Hogan,1968-07-11,Male,Finance,Accountant,2020-03-08
William,Torres,1964-06-03,Male,Human Resources,HR Specialist,2021-03-10
Christopher,Dunn,1995-09-29,Male,Finance,Financial Analyst,2021-08-15
Beth,Sweeney,1964-11-26,Female,Operations,Quality Assurance Specialist,2022-06-26
Michael,Parker,2004-09-01,Male,Operations,Operations Manager,2020-11-18
Sara,Pierce,1974-03-09,Female,Human Resources,Recruiter,2020-05-26
James,Smith,2004-11-12,Male,Operations,Operations Manager,2019-08-18
John,Lopez,1983-07-06,Male,Operations,Logistics Coordinator,2022-12-14
Mary,Nelson,2001-01-24,Female,Engineering,Systems Analyst,2022-04-19
Sara,Lawson,2002-12-18,Female,Finance,Accountant,2018-12-20
Paige,Grant,2000-06-13,Female,Engineering,Software Engineer,2022-03-31
Paula,Mooney,1975-07-30,Female,Marketing,Content Writer,2019-11-21
Matthew,Clark,1977-03-27,Male,Finance,Financial Analyst,2021-11-08
Jennifer,Cantu,1983-01-31,Female,Human Resources,HR Specialist,2022-01-19
Eric,Foster,1991-12-03,Male,Engineering,Database Administrator,2019-10-07
Brandon,Gardner,1971-02-01,Male,Human Resources,HR Specialist,2022-11-21
James,Morris,1981-05-23,Male,Engineering,Software Engineer,2020-09-06
Stephanie,Reese,2004-05-20,Female,Human Resources,Recruiter,2020-09-26
John,Blackburn,1980-12-05,Male,Engineering,Systems Analyst,2023-06-19
Nicole,Nelson,1994-02-11,Female,Operations,Operations Manager,2021-07-18
Melanie,Thompson,1960-11-19,Female,Marketing,Social Media Specialist,2020-12-16
Latoya,Atkins,1975-01-23,Female,Finance,Accountant,2020-09-23
Nancy,Perkins,1958-11-19,Female,Marketing,Content Writer,2020-05-01
Cindy,Coleman,1965-02-08,Female,Finance,Accountant,2023-08-17
Joseph,Bell,1979-11-11,Male,Finance,Accountant,2022-10-02
Brandon,Flowers,1973-10-16,Male,Marketing,Content Writer,2019-02-03
Sara,Nelson,1991-07-25,Female,Human Resources,Recruiter,2021-05-14
Kyle,Curry,1962-01-07,Male,Finance,Financial Analyst,2019-10-05
Leslie,Garcia,1987-12-12,Female,Operations,Logistics Coordinator,2022-02-08
Nicole,Shah,1975-04-08,Female,Marketing,Content Writer,2022-08-01
Eric,Benjamin,1989-06-22,Male,Engineering,Software Engineer,2019-04-16
Chelsea,Ramirez,1966-08-16,Female,Engineering,Database Administrator,2021-10-31
Erica,Hill,1964-05-31,Female,Operations,Logistics Coordinator,2022-07-13
Anthony,Jones,1958-01-30,Male,Finance,Internal Auditor,2023-07-02
Christine,Brown,1990-06-05,Female,Engineering,Systems Analyst,2020-06-28
Samantha,Bell,1966-09-29,Female,Human Resources,HR Specialist,2020-05-25
Laura,Bryant,2004-09-29,Female,Finance,Accountant,2020-08-18
Garrett,Evans,1987-08-07,Male,Marketing,Social Media Specialist,2019-10-04
Kathleen,Riley,1960-09-23,Female,Engineering,Systems Analyst,2022-01-30
Carolyn,Bond,2004-05-05,Female,Operations,Quality Assurance Specialist,2021-07-10
Christopher,Willis,1989-07-30,Male,Engineering,Systems Analyst,2020-03-17
Ashlee,Lowe,1992-04-20,Female,Finance,Internal Auditor,2022-08-28
Mary,Gomez,1981-05-28,Female,Finance,Accountant,2022-09-11
Carrie,Hawkins,1964-08-01,Female,Finance,Internal Auditor,2019-01-18
Colin,Brown,1969-06-25,Male,Engineering,Systems Analyst,2023-10-24
Cynthia,Thomas,1988-12-16,Female,Engineering,Software Engineer,2022-10-04
Kevin,Mcgee,1984-09-11,Male,Finance,Accountant,2023-04-21
Hunter,Jones,1967-04-08,Male,Human Resources,HR Specialist,2020-11-30
Alicia,Conrad,1977-10-05,Female,Engineering,Database Administrator,2021-10-15
Derek,Williams,1962-11-26,Male,Human Resources,Recruiter,2021-12-21
Gregory,Smith,1977-01-06,Male,Operations,Logistics Coordinator,2022-10-17
Abigail,Turner,2001-03-19,Female,Human Resources,Recruiter,2022-08-24
Kimberly,York,1961-04-15,Female,Operations,Quality Assurance Specialist,2021-12-27
Edward,Love,1996-07-01,Male,Marketing,Content Writer,2023-05-20
Timothy,Mann,1969-12-09,Male,Finance,Financial Analyst,2020-04-27
Timothy,Wood,1967-12-11,Male,Operations,Operations Manager,2020-08-31
Samuel,Cook,2000-07-19,Male,Marketing,Content Writer,2022-12-31
James,Miller,1994-04-25,Male,Human Resources,HR Manager,2020-01-11
Nicole,Stevens,2003-08-24,Female,Operations,Operations Manager,2023-01-18
Kevin,Gray,1990-06-14,Male,Human Resources,HR Specialist,2019-07-14
Matthew,Meyer,1994-07-01,Male,Marketing,Marketing Manager,2020-07-30
Michael,Hall,2001-02-16,Male,Marketing,Marketing Manager,2021-02-16
Cameron,Hall,1968-08-10,Male,Finance,Internal Auditor,2019-02-15
Grant,Dominguez,1974-04-21,Male,Human Resources,Recruiter,2023-10-22
Jessica,Nunez,1992-09-14,Female,Engineering,Software Engineer,2021-09-08
Kevin,Nichols,1986-07-14,Male,Marketing,Content Writer,2022-12-01
Linda,Torres,2005-06-19,Female,Finance,Accountant,2021-12-16
John,Blair,2001-12-19,Male,Finance,Internal Auditor,2022-07-03
Tammy,Salazar,1981-10-24,Female,Marketing,Social Media Specialist,2020-04-06
Shelly,Davis,1967-03-28,Female,Marketing,Marketing Manager,2021-09-23
Megan,Cantu,1987-05-11,Female,Operations,Logistics Coordinator,2022-02-25
Jeffrey,Henry,1966-05-31,Male,Engineering,Systems Analyst,2019-04-05
Christina,Ryan,1980-01-20,Female,Marketing,Social Media Specialist,2023-05-19
George,Gross,1978-02-22,Male,Human Resources,Recruiter,2019-01-16
April,Mcclain,1974-06-08,Female,Human Resources,Recruiter,2023-07-03
Lindsay,Donaldson,1983-11-11,Female,Operations,Operations Manager,2022-08-26
Glen,Williams,1968-10-13,Male,Operations,Logistics Coordinator,2022-04-06
Jeffrey,Parker,1986-05-28,Male,Marketing,Content Writer,2021-02-13
Calvin,Norman,1958-11-12,Male,Human Resources,HR Specialist,2020-04-18
John,Smith,1990-02-28,Male,Operations,Quality Assurance Specialist,2022-07-31
Sarah,Bullock,1982-08-12,Female,Human Resources,HR Manager,2020-09-12
Amanda,Duncan,1967-01-28,Female,Marketing,Content Writer,2019-06-06
Sherry,Lee,1968-09-06,Female,Operations,Logistics Coordinator,2020-06-11
Roberto,Valdez,1966-10-10,Male,Marketing,Marketing Manager,2021-10-19
Veronica,Wilson,1990-07-11,Female,Marketing,Social Media Specialist,2022-02-25
Jordan,Stanley,1982-12-08,Male,Operations,Logistics Coordinator,2020-07-30
David,Gutierrez,1962-03-19,Male,Operations,Quality Assurance Specialist,2021-03-18
Stephanie,Martinez,1962-10-02,Female,Engineering,Software Engineer,2021-06-09
Jennifer,Stewart,1959-09-07,Female,Operations,Operations Manager,2019-11-23
Robert,Waters,1989-01-20,Male,Human Resources,HR Specialist,2019-04-13
Mark,Gonzalez,1984-06-02,Male,Human Resources,Recruiter,2018-12-07
Leslie,Arnold,1990-04-13,Female,Engineering,Software Engineer,2022-05-26
Joseph,Sampson,1961-08-02,Male,Operations,Operations Manager,2020-05-06
Tina,Humphrey,1993-11-17,Female,Marketing,Content Writer,2019-08-29
James,Wallace,1978-11-11,Male,Operations,Quality Assurance Specialist,2019-02-09
James,Moore,1967-02-13,Male,Engineering,Database Administrator,2022-10-22
Michele,Smith,1985-01-12,Female,Marketing,Content Writer,2023-01-07
Ashley,Mccarty,1958-12-28,Female,Human Resources,Recruiter,2023-09-30
Dustin,Heath,1965-04-10,Male,Finance,Internal Auditor,2019-03-27
Brian,Rodriguez,1988-06-15,Male,Marketing,Social Media Specialist,2023-07-04
Kathleen,Scott,1975-07-02,Female,Operations,Logistics Coordinator,2021-08-25
Christopher,Kennedy,1997-10-05,Male,Finance,Accountant,2018-12-25
Anna,Schmitt,1964-03-17,Female,Human Resources,Recruiter,2022-08-02
Brandon,Brown,1972-07-25,Male,Operations,Logistics Coordinator,2020-08-01
Charles,Delacruz,1976-08-02,Male,Finance,Accountant,2022-11-07
Andrea,Wiley,1992-07-07,Female,Finance,Internal Auditor,2022-11-28
Reginald,Harding,1985-04-13,Male,Human Resources,Recruiter,2020-06-19
David,Reed,2000-03-13,Male,Operations,Operations Manager,2019-09-10
Sarah,Burke,1990-08-30,Female,Finance,Financial Analyst,2022-02-13
Jeremy,Sanchez,1989-05-25,Male,Finance,Internal Auditor,2021-09-13
Theresa,Ford,1999-06-13,Female,Finance,Internal Auditor,2019-05-31
James,Ellison,1989-02-28,Male,Human Resources,HR Specialist,2019-02-11
Cole,Rice,1996-01-27,Male,Marketing,Marketing Manager,2019-06-29
Thomas,Miller,1973-02-19,Male,Engineering,Software Engineer,2022-10-09
William,Wilson,1972-08-06,Male,Marketing,Content Writer,2021-07-02
David,Riggs,1971-11-19,Male,Finance,Financial Analyst,2019-09-10
Keith,Smith,2003-04-10,Male,Operations,Quality Assurance Specialist,2023-01-20
Steven,Williams,1974-12-06,Male,Human Resources,Recruiter,2022-02-16
Annette,Brooks,1996-08-10,Female,Human Resources,HR Specialist,2020-09-24
Madison,Gates,1999-08-31,Female,Marketing,Marketing Manager,2020-03-16
Denise,Goodwin,1980-08-15,Female,Operations,Logistics Coordinator,2021-06-17
Jake,Washington,1978-01-30,Male,Finance,Internal Auditor,2018-11-16
Patty,Warren,1987-03-17,Female,Marketing,Marketing Manager,2023-10-07
Sara,Sandoval,1983-11-06,Female,Engineering,Software Engineer,2020-08-31
Katelyn,Davis,1995-10-19,Female,Engineering,Systems Analyst,2020-08-17
Christina,Wells,1970-04-03,Female,Finance,Accountant,2020-07-19
Melanie,Schmitt,1988-04-18,Female,Operations,Quality Assurance Specialist,2022-07-05
Daniel,Brown,1958-04-04,Male,Operations,Quality Assurance Specialist,2021-07-11
Adam,Johnson,1996-10-05,Male,Engineering,Systems Analyst,2019-06-20
Trevor,Miles,1974-09-01,Male,Finance,Internal Auditor,2023-03-20
Sherry,Benson,1961-02-17,Female,Operations,Operations Manager,2023-03-13
Jennifer,Chapman,1975-11-27,Female,Finance,Financial Analyst,2020-12-14
Terry,Reid,1970-12-31,Male,Engineering,Software Engineer,2020-11-29
Tracey,Rhodes,1967-06-16,Female,Engineering,Database Administrator,2019-12-06
Elizabeth,Mccullough,1978-08-27,Female,Engineering,Software Engineer,2022-03-18
Vanessa,Alvarez,1981-12-26,Female,Human Resources,HR Manager,2020-04-14
Melissa,White,1987-04-26,Female,Human Resources,HR Specialist,2021-12-01
Robin,Evans,2003-06-25,Female,Human Resources,Recruiter,2023-08-23
Emily,Norton,1979-11-05,Female,Human Resources,HR Specialist,2022-12-17
Daniel,Hughes,1984-05-10,Male,Human Resources,HR Specialist,2023-01-27
Tara,Miller,1966-02-18,Female,Engineering,Systems Analyst,2021-03-21
Jessica,Bennett,1970-05-09,Female,Human Resources,Recruiter,2023-07-26
Christine,Galloway,2000-03-02,Female,Human Resources,Recruiter,2019-06-06
James,Moran,1967-04-28,Male,Engineering,Software Engineer,2021-05-05
Travis,Cobb,1980-04-02,Male,Marketing,Marketing Manager,2019-12-26
Daniel,Douglas,1971-05-05,Male,Operations,Operations Manager,2019-05-31
Scott,Davis,2002-08-13,Male,Finance,Internal Auditor,2021-02-15
Lisa,Wood,1979-05-20,Female,Marketing,Marketing Manager,2020-09-15
Danielle,Fitzgerald,1988-07-03,Female,Finance,Accountant,2021-05-18
Kevin,Hart,1986-11-18,Male,Marketing,Marketing Manager,2021-05-24
Juan,Mckee,1963-12-02,Male,Human Resources,Recruiter,2020-09-07
Holly,Delacruz,1976-03-29,Female,Engineering,Database Administrator,2020-07-20
Carl,Davis,1960-05-29,Male,Operations,Logistics Coordinator,2023-02-22
Patricia,Wells,1983-12-02,Female,Marketing,Marketing Manager,2022-12-05
Ronald,Wallace,1994-10-15,Male,Operations,Operations Manager,2019-01-06
Eric,Burch,1968-03-01,Male,Finance,Financial Analyst,2021-03-27
Jessica,Horn,1984-10-25,Female,Operations,Operations Manager,2022-11-13
Derek,Davis,1993-12-24,Male,Operations,Logistics Coordinator,2019-03-21
Megan,Jimenez,1973-08-22,Female,Human Resources,HR Specialist,2021-09-20
Adam,Buckley,1980-10-28,Male,Human Resources,Recruiter,2019-02-17
Tracy,Acosta,1974-04-25,Female,Marketing,Marketing Manager,2021-05-28
Robert,Taylor,1981-10-20,Male,Finance,Accountant,2023-06-29
Jay,Williams,1966-07-06,Male,Engineering,Systems Analyst,2020-02-02
Sean,Clark,1962-04-04,Male,Finance,Accountant,2023-03-15
Julian,Wade,1984-11-21,Male,Marketing,Marketing Manager,2020-07-27
Renee,Brown,1973-12-17,Female,Human Resources,HR Specialist,2023-06-26
Ronald,Bowers,1990-06-01,Male,Marketing,Social Media Specialist,2021-12-11
Kathleen,Nguyen,1977-08-21,Female,Marketing,Social Media Specialist,2019-12-06
Michael,Schneider,2003-07-17,Male,Marketing,Social Media Specialist,2020-04-03
Elizabeth,Buchanan,1979-06-03,Female,Finance,Internal Auditor,2021-07-06
Kelsey,Johnson,1962-09-10,Female,Engineering,Software Engineer,2019-03-05
John,Waters,1971-07-25,Male,Human Resources,HR Manager,2020-06-14
Megan,Gates,1995-01-09,Female,Human Resources,HR Manager,2022-12-08
Linda,Villarreal,1999-03-22,Female,Engineering,Software Engineer,2023-07-08
Daniel,White,2005-04-12,Male,Marketing,Content Writer,2019-01-23
Jason,Carson,1991-07-09,Male,Operations,Quality Assurance Specialist,2021-02-03
Amanda,Holland,1964-10-06,Female,Human Resources,HR Manager,2023-09-10
Joseph,Andersen,1984-12-15,Male,Human Resources,HR Manager,2022-04-25
Jennifer,Daniel,1961-12-03,Female,Human Resources,HR Manager,2019-07-17
Emily,Hampton,1992-11-09,Female,Engineering,Database Administrator,2018-11-17
Rhonda,Stevens,1967-02-17,Female,Engineering,Database Administrator,2019-06-10
Tara,Brown,1979-03-30,Female,Finance,Accountant,2023-07-16
Christine,Rodriguez,1960-09-18,Female,Operations,Logistics Coordinator,2023-04-11
Julie,Walls,1998-01-08,Female,Human Resources,HR Manager,2023-04-08
Zachary,Reilly,1989-05-28,Male,Engineering,Software Engineer,2018-12-18
Steven,Jones,2003-03-27,Male,Human Resources,HR Manager,2021-11-09
Courtney,Carlson,1976-09-26,Female,Operations,Logistics Coordinator,2023-01-11
Kimberly,Reynolds,1986-04-06,Female,Finance,Internal Auditor,2022-05-21
Eric,Price,1996-05-26,Male,Operations,Quality Assurance Specialist,2021-05-09
Stephanie,Santiago,1962-03-23,Female,Human Resources,HR Specialist,2019-04-11
David,Lopez,1960-11-20,Male,Engineering,Software Engineer,2021-07-20
Lacey,Campbell,2002-09-16,Female,Operations,Operations Manager,2019-11-12
Erica,Garcia,1974-10-27,Female,Human Resources,HR Manager,2020-01-24
Mark,Reynolds,1983-02-09,Male,Finance,Accountant,2023-05-09
Ashlee,Thompson,1962-04-01,Female,Operations,Quality Assurance Specialist,2023-06-03
Sally,Chavez,1958-01-20,Female,Engineering,Software Engineer,2022-04-13
Laurie,Thomas,1994-02-15,Female,Finance,Accountant,2021-07-02
Rachel,Hernandez,1998-07-20,Female,Human Resources,HR Specialist,2022-10-12
Alexandra,Harris,1959-11-18,Female,Finance,Financial Analyst,2022-03-07
David,Steele,2003-03-21,Male,Operations,Quality Assurance Specialist,2020-10-31
Kathy,Jackson,2005-02-07,Female,Human Resources,HR Specialist,2022-05-02
Christian,King,1996-10-25,Male,Finance,Financial Analyst,2021-11-19
Nancy,Ford,1992-09-23,Female,Marketing,Content Writer,2021-02-10
Patricia,Terry,1978-05-11,Female,Finance,Accountant,2022-12-26
Brenda,Washington,2002-02-02,Female,Human Resources,HR Specialist,2020-03-14
Angela,Adams,1987-02-17,Female,Marketing,Social Media Specialist,2022-10-24
Larry,Hull,1970-02-16,Male,Marketing,Content Writer,2021-08-22
Victoria,Powell,1997-11-13,Female,Marketing,Social Media Specialist,2023-08-16
Mark,Todd,1986-12-23,Male,Operations,Quality Assurance Specialist,2023-04-06
Cole,Mckee,1973-06-10,Male,Human Resources,HR Manager,2019-07-19
Lisa,Madden,1964-08-25,Female,Marketing,Social Media Specialist,2020-07-09
Matthew,Cunningham,1975-04-25,Male,Engineering,Database Administrator,2019-07-25
Michael,Torres,1977-06-02,Male,Finance,Internal Auditor,2019-07-21
Alyssa,Wright,1962-01-10,Female,Human Resources,Recruiter,2018-11-10
Joel,Lewis,1979-11-06,Male,Operations,Operations Manager,2023-01-28
Elizabeth,Stanley,1974-06-16,Female,Marketing,Content Writer,2023-10-09
Jacob,Matthews,1959-04-03,Male,Human Resources,Recruiter,2023-08-31
Nathan,Hampton,1997-11-27,Male,Engineering,Systems Analyst,2020-10-23
Gabriel,Potter,1966-03-10,Male,Operations,Logistics Coordinator,2021-01-14
Daniel,Copeland,2003-01-11,Male,Human Resources,HR Manager,2021-09-21
Joseph,Lee,2001-03-07,Male,Human Resources,HR Specialist,2020-06-15
Erica,Smith,1962-12-27,Female,Human Resources,HR Specialist,2020-05-02
Brian,Cruz,1994-06-17,Male,Marketing,Content Writer,2019-05-30
Brian,Walsh,1993-10-26,Male,Operations,Operations Manager,2019-05-08
Kendra,Hayes,1967-10-20,Female,Human Resources,HR Manager,2022-08-01
Corey,Kim,1973-01-24,Male,Engineering,Database Administrator,2019-04-01
Tammy,Sanders,2003-09-22,Female,Finance,Internal Auditor,2023-04-10
Jamie,Bentley,1993-10-18,Female,Operations,Quality Assurance Specialist,2022-01-24
Eric,Anderson,1996-11-03,Male,Finance,Internal Auditor,2019-01-28
Claudia,Cameron,1983-08-12,Female,Engineering,Systems Analyst,2023-06-01
Andrew,Wallace,2001-04-20,Male,Marketing,Social Media Specialist,2019-12-16
Anna,Morrow,1974-12-10,Female,Operations,Logistics Coordinator,2020-10-14
Jeffery,Garza,1960-01-27,Male,Finance,Financial Analyst,2020-01-08
Brittany,Medina,1980-07-20,Female,Engineering,Software Engineer,2020-06-25
Daniel,Huang,1993-06-30,Male,Engineering,Software Engineer,2022-04-30
Andrea,Melendez,1989-09-07,Female,Marketing,Marketing Manager,2019-05-13
Christian,Campbell,1972-02-08,Male,Operations,Operations Manager,2019-01-03
Miguel,Dawson,1969-08-17,Male,Finance,Financial Analyst,2022-06-06
Cory,Todd,1967-06-25,Male,Human Resources,HR Specialist,2020-02-08
Kelly,Rice,2004-08-31,Female,Engineering,Database Administrator,2019-01-18
Douglas,Smith,1972-10-22,Male,Engineering,Software Engineer,2018-12-03
Timothy,Brown,1979-01-09,Male,Finance,Financial Analyst,2021-09-11
Kathy,Li,2004-08-09,Female,Finance,Accountant,2023-07-07
Melissa,Russell,1988-09-23,Female,Finance,Accountant,2019-03-21
William,Brown,1988-11-19,Male,Operations,Quality Assurance Specialist,2020-10-10
Jamie,Cooper,1975-08-06,Female,Operations,Operations Manager,2022-03-16
Jordan,Long,1973-10-11,Female,Engineering,Software Engineer,2019-06-30
Matthew,Hawkins,1964-08-23,Male,Operations,Operations Manager,2021-12-27
Timothy,Quinn,1999-08-29,Male,Finance,Accountant,2021-09-17
Roger,Matthews,1971-05-23,Male,Engineering,Software Engineer,2020-08-27
Carla,Alexander,1962-05-05,Female,Engineering,Software Engineer,2019-08-17
Meagan,Taylor,1981-02-14,Female,Human Resources,HR Manager,2022-06-28
Amy,Lee,1993-09-30,Female,Finance,Accountant,2023-06-12
Travis,Kelly,1999-12-18,Male,Engineering,Database Administrator,2021-03-29
Heather,Hanson,1957-12-19,Female,Finance,Accountant,2021-10-30
Mary,Graves,1985-05-21,Female,Operations,Logistics Coordinator,2021-02-06
Ryan,Luna,1965-03-18,Male,Operations,Logistics Coordinator,2022-02-21
Madison,Rich,1987-04-12,Female,Operations,Logistics Coordinator,2023-02-01
Deborah,Rodriguez,1985-11-11,Female,Human Resources,HR Manager,2023-03-11
Dustin,Nguyen,1968-12-08,Male,Operations,Logistics Coordinator,2023-04-20
Vincent,Wright,1980-04-16,Male,Finance,Financial Analyst,2023-04-06
Carly,Johnson,1959-11-30,Female,Operations,Operations Manager,2022-09-05
Morgan,Moran,1989-09-17,Female,Operations,Logistics Coordinator,2019-08-19
Darryl,Arnold,1981-09-26,Male,Engineering,Systems Analyst,2019-11-07
Debbie,Robinson,1970-06-22,Female,Human Resources,HR Manager,2019-10-09
Anthony,Lewis,1976-05-06,Male,Human Resources,HR Specialist,2023-03-30
Christina,May,1971-12-15,Female,Human Resources,HR Manager,2021-09-17
Megan,Norton,1977-09-25,Female,Human Resources,HR Specialist,2021-12-08
Patricia,Johnson,1963-03-14,Female,Operations,Quality Assurance Specialist,2023-07-21
Megan,Goodwin,2004-11-17,Female,Engineering,Database Administrator,2021-10-02
Robert,Scott,1974-11-05,Male,Finance,Financial Analyst,2021-04-25
Diana,Fisher,2001-10-12,Female,Marketing,Marketing Manager,2019-09-28
Maria,Walters,1963-05-18,Female,Human Resources,HR Specialist,2019-05-28
Timothy,Cook,1974-02-12,Male,Human Resources,HR Specialist,2022-09-10
Brittney,Hill,2002-10-25,Female,Marketing,Content Writer,2022-10-25
Patrick,Griffin,1993-09-03,Male,Operations,Operations Manager,2023-10-01
Bradley,Jackson,1997-12-02,Male,Engineering,Software Engineer,2020-03-29
Natasha,Carter,1967-04-11,Female,Operations,Quality Assurance Specialist,2019-04-15
Charles,Martinez,1960-04-15,Male,Human Resources,Recruiter,2022-09-28
Frank,Graham,1965-05-16,Male,Engineering,Systems Analyst,2019-05-02
Benjamin,Larson,2000-10-28,Male,Finance,Financial Analyst,2020-10-07
Garrett,Poole,1994-01-25,Male,Finance,Internal Auditor,2023-07-29
Angela,Miles,1967-08-08,Female,Human Resources,HR Manager,2021-07-08
Ashley,Townsend,1959-08-30,Female,Engineering,Database Administrator,2023-06-23
Cody,Stevenson,1993-08-22,Male,Finance,Internal Auditor,2018-11-20
Laura,Clark,1994-12-11,Female,Operations,Quality Assurance Specialist,2018-12-10
John,Phillips,1992-05-03,Male,Human Resources,HR Specialist,2020-08-21
Brian,Rose,1980-07-22,Male,Operations,Logistics Coordinator,2021-01-01
Brian,Hall,1969-10-31,Male,Human Resources,Recruiter,2020-06-23
Hannah,Miller,1995-01-27,Female,Engineering,Software Engineer,2022-06-27
Steven,Valenzuela,1961-03-28,Male,Engineering,Systems Analyst,2022-09-28
Samantha,Duarte,1989-05-05,Female,Engineering,Database Administrator,2020-08-16
Rachel,Burns,1979-12-07,Female,Human Resources,HR Manager,2019-08-31
Donald,Madden,1998-02-13,Male,Human Resources,Recruiter,2022-04-15
Richard,Gibson,2004-01-20,Male,Human Resources,Recruiter,2020-07-24
Andrew,Mcdaniel,1996-05-03,Male,Marketing,Content Writer,2023-08-11
Rita,Jackson,1997-08-26,Female,Marketing,Content Writer,2019-09-20
Edwin,Young,1999-08-08,Male,Finance,Accountant,2019-11-22
Carolyn,Stevens,1973-02-03,Female,Marketing,Content Writer,2020-08-04
Christopher,Harris,1992-05-22,Male,Marketing,Marketing Manager,2022-05-23
Colton,Martin,1960-12-02,Male,Engineering,Systems Analyst,2022-11-25
Madison,Martinez,1989-02-18,Female,Engineering,Systems Analyst,2021-02-20
Christopher,Lynch,1971-08-05,Male,Operations,Quality Assurance Specialist,2023-07-04
Marcus,Hall,1991-11-20,Male,Engineering,Systems Analyst,2023-08-15
Aaron,Curtis,1983-07-12,Male,Marketing,Marketing Manager,2019-11-12
Jennifer,Lane,1975-12-08,Female,Finance,Internal Auditor,2021-11-20
Janet,Santiago,2004-02-15,Female,Finance,Accountant,2023-05-29
Christopher,Pham,1987-08-17,Male,Finance,Financial Analyst,2019-06-17
Jessica,Price,1998-06-13,Female,Marketing,Content Writer,2023-01-30
Michelle,Jones,1997-01-09,Female,Marketing,Marketing Manager,2021-01-08
Devin,Davis,1998-08-18,Male,Operations,Operations Manager,2023-08-01
Sherri,Wilson,1979-02-22,Female,Engineering,Software Engineer,2022-11-28
Debra,Watts,1991-07-10,Female,Human Resources,Recruiter,2021-09-28
Alicia,West,1964-10-19,Female,Marketing,Social Media Specialist,2020-02-20
Anthony,Powell,1997-05-29,Male,Human Resources,Recruiter,2020-06-06
Andrew,Perez,1970-06-24,Male,Engineering,Systems Analyst,2019-01-16
Darryl,Allen,1997-02-28,Male,Marketing,Social Media Specialist,2021-08-22
William,Chen,1973-02-13,Male,Marketing,Social Media Specialist,2023-02-11
Hector,Peters,1959-02-18,Male,Finance,Accountant,2018-12-19
Alexis,Adams,1982-10-12,Female,Finance,Financial Analyst,2020-02-29
Vanessa,Gould,1991-10-01,Female,Marketing,Social Media Specialist,2020-11-26
Brandi,Garcia,1967-05-26,Female,Marketing,Social Media Specialist,2020-05-04
Jacob,Sanchez,1970-05-15,Male,Human Resources,HR Manager,2023-03-16
Christopher,Wilson,1985-09-13,Male,Engineering,Database Administrator,2021-09-12
Charles,Hernandez,1999-09-07,Male,Marketing,Marketing Manager,2019-09-21
Kimberly,Berger,1989-04-27,Female,Marketing,Marketing Manager,2018-11-23
Daniel,Porter,1974-04-29,Male,Engineering,Database Administrator,2019-08-25
Patrick,Lozano,1983-08-09,Male,Finance,Internal Auditor,2020-06-24
David,Brown,1999-07-18,Male,Marketing,Marketing Manager,2020-02-15
Kristina,Morales,1999-11-29,Female,Engineering,Database Administrator,2022-03-22
Andrew,Cain,1968-10-08,Male,Marketing,Social Media Specialist,2022-03-10
Cindy,Nelson,1959-10-08,Female,Engineering,Software Engineer,2021-09-30
Heather,Gonzalez,1964-03-13,Female,Marketing,Social Media Specialist,2023-02-15
Vickie,Johnson,1959-02-18,Female,Finance,Financial Analyst,2021-01-25
Troy,Harris,1966-01-10,Male,Marketing,Content Writer,2021-11-01
Amy,Harris,1966-03-25,Female,Engineering,Database Administrator,2022-02-06
Terry,Sanchez,1963-12-18,Male,Finance,Internal Auditor,2022-12-30
Cindy,Huynh,1958-01-01,Female,Engineering,Software Engineer,2019-12-03
Robert,Harris,1984-12-14,Male,Finance,Internal Auditor,2023-08-29
Jerome,Harris,1963-03-13,Male,Operations,Quality Assurance Specialist,2021-04-10
Ashley,Ward,1995-04-09,Female,Finance,Accountant,2023-03-09
Jeffrey,Robertson,1985-10-13,Male,Human Resources,Recruiter,2019-07-28
Brandon,Smith,1990-09-14,Male,Marketing,Marketing Manager,2021-09-05
Jesse,Hardin,1965-08-01,Male,Human Resources,HR Manager,2023-10-17
Lindsey,Walters,1986-01-21,Female,Engineering,Systems Analyst,2021-05-24
Allison,Armstrong,2004-04-21,Female,Finance,Internal Auditor,2020-02-28
Paul,Ruiz,1961-09-21,Male,Engineering,Systems Analyst,2021-07-21
Juan,Gonzalez,2004-12-04,Male,Finance,Financial Analyst,2022-02-23
Alison,Morgan,1985-08-22,Female,Operations,Operations Manager,2021-07-11
Jessica,Diaz,1959-09-22,Female,Finance,Internal Auditor,2020-04-10
Jeremy,Shannon,1969-08-20,Male,Finance,Financial Analyst,2019-04-30
Jackie,Wade,1972-10-05,Female,Operations,Quality Assurance Specialist,2021-04-10
Nicole,Ellis,1964-11-29,Female,Engineering,Software Engineer,2022-03-18
Diane,Jordan,1973-11-23,Female,Human Resources,HR Specialist,2023-07-13
Anthony,Franklin,1993-03-05,Male,Human Resources,HR Manager,2019-03-29
Katherine,Steele,1983-07-22,Female,Operations,Quality Assurance Specialist,2019-01-21
Rebecca,Henson,2004-03-30,Female,Finance,Financial Analyst,2020-08-28
Maria,Hoover,1968-10-10,Female,Marketing,Content Writer,2020-02-04
Tiffany,Perry,1992-05-15,Female,Engineering,Database Administrator,2023-07-29
Brian,Arroyo,2001-05-27,Male,Human Resources,Recruiter,2021-06-10
Ruth,Lewis,1978-03-30,Female,Operations,Logistics Coordinator,2019-06-17
Sheri,Clarke,1997-01-27,Female,Human Resources,Recruiter,2021-08-13
Eddie,Graham,2002-10-10,Male,Operations,Operations Manager,2020-09-04
Rhonda,Perkins,1972-04-10,Female,Marketing,Marketing Manager,2019-03-13
Thomas,Barnett,1975-06-28,Male,Operations,Logistics Coordinator,2023-08-06
Kevin,Hayes,1991-06-24,Male,Finance,Internal Auditor,2020-03-27
Lisa,Chen,1988-12-20,Female,Human Resources,HR Manager,2021-09-02
Jasmine,Golden,1987-01-13,Female,Finance,Accountant,2022-04-21
Thomas,Moore,2003-11-16,Male,Marketing,Marketing Manager,2019-03-04
Peter,Hunt,1968-07-14,Male,Finance,Internal Auditor,2023-01-19
Lisa,Mcconnell,1957-12-14,Female,Engineering,Database Administrator,2020-12-10
Kelly,Roberts,1974-11-12,Female,Engineering,Software Engineer,2023-07-27
Amanda,Sullivan,1987-02-04,Female,Finance,Financial Analyst,2021-06-27
Travis,Johnson,1959-11-13,Male,Operations,Logistics Coordinator,2019-12-25
Christopher,Walker,2005-01-01,Male,Human Resources,HR Manager,2020-08-26
Sara,Mays,1978-10-21,Female,Finance,Accountant,2020-03-24
Sandy,Harris,1973-03-11,Female,Marketing,Social Media Specialist,2020-04-12
Gregory,Dudley,1993-08-04,Male,Finance,Internal Auditor,2020-06-05
Stephen,Lewis,1967-11-01,Male,Engineering,Software Engineer,2021-02-27
Kevin,Wiggins,1960-06-24,Male,Operations,Logistics Coordinator,2021-09-14
Ronald,Adams,1985-02-06,Male,Engineering,Software Engineer,2019-10-12
Robert,Foster,2004-09-01,Male,Marketing,Content Writer,2020-03-04
Lisa,Smith,1991-05-30,Female,Engineering,Database Administrator,2021-03-06
Brian,Abbott,1979-02-20,Male,Engineering,Systems Analyst,2023-08-13
David,Washington,1989-09-03,Male,Operations,Quality Assurance Specialist,2020-11-16
Michele,Smith,1978-12-04,Female,Finance,Internal Auditor,2020-10-31
Michele,Ford,1964-05-30,Female,Finance,Financial Analyst,2021-06-01
Vincent,Smith,1977-12-31,Male,Finance,Internal Auditor,2020-09-13
Alice,Campbell,2002-12-17,Female,Marketing,Social Media Specialist,2022-01-31
Mercedes,Garcia,1991-01-26,Female,Human Resources,Recruiter,2023-05-04
George,Kim,1960-08-15,Male,Finance,Internal Auditor,2020-08-11
Heidi,Johnson,1975-06-07,Female,Operations,Quality Assurance Specialist,2019-07-14
Dominique,Smith,1999-12-10,Female,Human Resources,Recruiter,2021-07-12
Stacy,Marquez,1970-08-12,Female,Marketing,Marketing Manager,2022-11-14
David,Camacho,1995-08-30,Male,Operations,Logistics Coordinator,2019-10-10
Ian,Meyer,1986-09-23,Male,Finance,Accountant,2020-04-17
Cheryl,Rios,1994-01-30,Female,Marketing,Social Media Specialist,2020-08-02
Wendy,Barnes,2005-07-26,Female,Human Resources,Recruiter,2021-09-26
Latasha,Hill,1969-05-27,Female,Finance,Financial Analyst,2023-05-22
Stacy,Jefferson,1975-06-03,Female,Operations,Quality Assurance Specialist,2019-01-12
Carol,Jones,1969-07-03,Female,Marketing,Content Writer,2020-12-22
John,Davis,1964-01-26,Male,Operations,Operations Manager,2022-08-22
Zoe,Shelton,1964-06-11,Female,Marketing,Social Media Specialist,2022-10-31
Lisa,Anthony,2001-05-06,Female,Marketing,Social Media Specialist,2021-01-08
Amanda,Carpenter,1967-07-06,Female,Marketing,Marketing Manager,2021-09-27
Robin,Ali,1966-03-27,Female,Marketing,Content Writer,2023-09-02
Sonya,Howard,1981-09-21,Female,Marketing,Marketing Manager,2021-09-04
James,Shelton,2002-05-17,Male,Engineering,Software Engineer,2019-09-29
Jodi,Sweeney,1971-08-03,Female,Marketing,Social Media Specialist,2019-11-15
Janet,Colon,1996-03-28,Female,Human Resources,HR Manager,2021-02-25
John,Wiley,1963-05-27,Male,Marketing,Social Media Specialist,2020-01-17
Aaron,Hardy,1961-06-01,Male,Human Resources,HR Manager,2019-07-23
Isaiah,Lee,1983-06-12,Male,Engineering,Database Administrator,2022-08-29
Zoe,Hodges,1980-10-06,Female,Engineering,Database Administrator,2021-04-02
Amanda,Fernandez,2000-11-01,Female,Engineering,Database Administrator,2020-12-13
Kevin,Hawkins,1979-10-11,Male,Human Resources,HR Specialist,2021-11-03
Joshua,Donaldson,1964-11-27,Male,Finance,Financial Analyst,2020-12-31
Anthony,Jones,1978-11-11,Male,Finance,Internal Auditor,2022-06-12
Michelle,Baker,1980-09-10,Female,Finance,Accountant,2023-01-10
Tiffany,Thomas,1974-03-11,Female,Engineering,Systems Analyst,2021-05-10
Jessica,Sims,1982-08-06,Female,Marketing,Marketing Manager,2020-02-07
Michael,Gonzales,1988-06-16,Male,Marketing,Social Media Specialist,2020-06-08
Michael,Fisher,1968-07-25,Male,Finance,Financial Analyst,2022-06-18
Brian,Holmes,1990-09-13,Male,Human Resources,Recruiter,2020-09-02
Theodore,Rodriguez,1985-10-13,Male,Finance,Internal Auditor,2019-06-01
Jennifer,Howard,1985-12-27,Female,Finance,Internal Auditor,2022-06-04
Brian,Reed,1992-12-14,Male,Human Resources,HR Specialist,2020-02-06
Stephen,Gonzales,1995-02-04,Male,Finance,Accountant,2020-04-04
Kara,Alexander,1987-07-11,Female,Marketing,Marketing Manager,2022-06-27
Anna,Rivera,2002-05-26,Female,Marketing,Marketing Manager,2022-06-26
Jenna,Smith,1967-06-09,Female,Engineering,Systems Analyst,2021-11-19
Glenn,Sanchez,1961-05-22,Male,Human Resources,HR Specialist,2020-11-06
Joanne,Beck,1958-05-19,Female,Operations,Logistics Coordinator,2023-03-29
Maria,Young,1993-10-11,Female,Human Resources,HR Specialist,2021-09-13
Jessica,Johnson,1967-05-11,Female,Marketing,Marketing Manager,2022-02-20
Richard,Ruiz,1988-06-09,Male,Marketing,Social Media Specialist,2019-01-14
Vanessa,Snyder,1987-12-30,Female,Marketing,Social Media Specialist,2021-02-16
Tracey,Moore,1987-05-10,Female,Operations,Quality Assurance Specialist,2022-12-10
Stacy,Elliott,1994-02-01,Female,Human Resources,HR Specialist,2023-09-03
Keith,Stevenson,1990-08-11,Male,Marketing,Content Writer,2021-12-23
Jordan,Price,1980-12-12,Male,Operations,Logistics Coordinator,2022-10-11
Sarah,Moreno,1974-01-21,Female,Engineering,Database Administrator,2022-09-16
Wesley,Silva,1969-01-05,Male,Marketing,Content Writer,2019-07-20
Ryan,Stewart,1979-11-18,Male,Marketing,Marketing Manager,2022-12-09
Alejandro,Williams,1979-08-13,Male,Marketing,Content Writer,2019-11-25
Theresa,Johnson,1973-02-21,Female,Human Resources,Recruiter,2019-12-07
Regina,Parker,1967-05-24,Female,Human Resources,HR Specialist,2021-07-23
Brenda,Carpenter,1995-06-02,Female,Marketing,Content Writer,2021-08-26
Luke,Wilson,1975-05-31,Male,Human Resources,HR Manager,2021-09-05
David,Franco,1991-04-10,Male,Operations,Operations Manager,2020-10-12
Christopher,Richards,1961-10-18,Male,Operations,Quality Assurance Specialist,2021-11-01
Adam,Morrison,1962-03-28,Male,Marketing,Content Writer,2022-02-19
Manuel,Johnson,1989-10-31,Male,Marketing,Marketing Manager,2020-02-25
Heidi,Decker,1959-03-11,Female,Marketing,Content Writer,2019-10-22
Cory,Hill,1980-10-26,Male,Marketing,Marketing Manager,2022-10-02
Heather,Stokes,1989-06-18,Female,Human Resources,Recruiter,2023-06-17
Thomas,Perry,1970-08-17,Male,Operations,Quality Assurance Specialist,2023-04-18
Lorraine,Murphy,2003-07-20,Female,Marketing,Marketing Manager,2020-12-12
Danielle,Huber,2005-10-02,Female,Finance,Internal Auditor,2023-05-27
Angela,Maxwell,1976-03-01,Female,Human Resources,HR Manager,2021-05-05
Kelsey,Harris,1966-10-08,Female,Engineering,Systems Analyst,2023-10-08
Amber,Murphy,1964-06-25,Female,Marketing,Marketing Manager,2023-08-18
James,Davis,1964-07-02,Male,Engineering,Software Engineer,2022-03-09
Aaron,Kennedy,1964-02-11,Male,Engineering,Software Engineer,2021-08-23
